RobotID,InitialRT,InitialBT,FinalRT,FinalBT
0,0.8097435,0.1439066,0.875743508,0.143906593
2,0.012330055,0.9462698,0.138330057,0.94626981
3,0.044819653,0.5656862,0.370931327,0.010914862
5,0.2985565,0.28854197,0.259556532,0.180541933
6,0.38164055,0.88735396,0.462640494,0.887353957
7,0.99665284,0.8232616,1.050652623,0.742261589
8,0.9672413,0.7499658,1.033241272,0.710965872
9,0.65818,0.5531282,0.712180078,0.475128114
10,0.226848,0.7358305,0.226848006,0.735830486
